,mktrf,smb,hml,rmw,cma,rf2,umd,liqu
196307,-0.39,-0.44,-0.89,0.68,-1.23,0.27,0.97,
196308,5.07,-0.75,1.68,0.36,-0.34,0.25,1.01,
196309,-1.57,-0.55,0.08,-0.71,0.29,0.27,0.19,
196310,2.53,-1.37,-0.14,2.8,-2.02,0.29,3.12,
196311,-0.85,-0.89,1.81,-0.51,2.31,0.27,-0.74,
196312,1.83,-2.07,-0.08,0.03,-0.04,0.29,1.75,
196401,2.24,0.11,1.47,0.17,1.51,0.3,0.86,
196402,1.54,0.3,2.74,-0.05,0.9,0.26,0.26,
196403,1.41,1.36,3.36,-2.21,3.19,0.31,0.75,
196404,0.1,-1.59,-0.58,-1.27,-1.04,0.29,-0.58,
196405,1.42,-0.64,1.82,-0.16,0.14,0.26,2.57,
196406,1.27,0.31,0.63,-0.28,-0.15,0.3,0.46,
196407,1.74,0.47,0.75,0.04,1.94,0.3,-0.32,
196408,-1.44,0.42,0.08,0.15,0.33,0.28,-0.22,
196409,2.69,-0.33,1.7,-0.54,0.61,0.28,-0.41,
196410,0.59,0.91,1.17,-0.38,0.43,0.29,0.08,
196411,0,-0.15,-1.96,0.62,-0.26,0.29,1.03,
196412,0.03,-0.7,-2.48,1.04,-1.48,0.31,-0.74,
196501,3.54,2.44,0.12,0.89,0.1,0.28,-1.44,
196502,0.44,3.29,0.11,0.2,-0.65,0.3,0.32,
196503,-1.34,2.11,1.03,-0.36,0.72,0.36,0.15,
196504,3.11,1.11,0.66,0.41,-2.27,0.31,2.63,
196505,-0.77,0.13,-1.61,-0.4,0.5,0.31,0.6,
196506,-5.51,-4.28,0.59,0.21,0.37,0.35,-3.13,
196507,1.43,1.07,2.14,-1.37,0.03,0.31,4.12,
196508,2.73,2.71,-1.02,1.9,-0.74,0.33,2.58,
196509,2.86,0.62,-0.12,-0.89,0.8,0.31,3.3,
196510,2.6,3.47,1.57,1.17,-0.65,0.31,3.46,
196511,-0.03,5.18,0.1,-1.01,-0.94,0.35,4.45,
196512,1.01,2.66,2.02,-1.14,-0.53,0.33,0.12,
196601,0.72,4.67,3.53,-2.82,-0.11,0.38,5.39,
196602,-1.21,4.71,0.29,-0.17,-1.49,0.35,4.57,
196603,-2.51,0.32,-2,1.3,0.06,0.38,1.42,
196604,2.14,3.34,-0.47,0.39,-0.95,0.34,6.28,
196605,-5.66,-5.1,-1.61,1.64,-1.52,0.41,-4.7,
196606,-1.44,1.37,0.49,0.15,0.78,0.38,3.25,
196607,-1.63,-0.48,0.99,-0.4,1.82,0.35,-1.4,
196608,-7.91,-3.14,0.44,-0.12,0.79,0.41,-2.14,
196609,-1.06,-1.14,0.51,-1.79,2.33,0.4,-1.84,
196610,3.86,-6.45,2.68,-3.48,4.24,0.45,-5.26,
196611,1.4,3.47,-4.77,4.15,-6.69,0.4,5.72,
196612,0.13,2.16,-1.32,0.64,-0.45,0.4,1.06,
196701,8.15,9.07,2.25,0.93,-3.13,0.43,-6.93,
196702,0.78,3.05,-2.18,2.05,-0.96,0.36,3.52,
196703,3.99,1.73,0.54,0.98,-1.45,0.39,1.53,
196704,3.89,0.42,-2.45,2.38,-3.64,0.32,0.59,
196705,-4.33,2.19,1.18,-1.7,1.81,0.33,0.72,
196706,2.41,6.41,0.85,-0.64,-2.41,0.27,6,
196707,4.58,3.52,2.72,0.52,2.7,0.31,-1.03,
196708,-0.89,0.67,1.52,0.36,1.45,0.31,-1.38,
196709,3.11,2.42,-2.42,0.23,-0.95,0.32,2.52,
196710,-3.09,0.47,-3.22,1.07,-2.62,0.39,3.67,
196711,0.37,-0.06,-1.69,1.35,-2.34,0.36,1.26,
196712,3.05,5.78,-0.63,-0.82,0.13,0.33,3.25,
196801,-4.06,4.48,4.84,-4.59,6.46,0.4,-4.7,-0.02385085
196802,-3.75,-2.92,1.33,-0.14,2.45,0.39,-3.43,0.02285474
196803,0.2,-1.6,-0.59,1.06,-1.1,0.38,3.23,0.01067122
196804,9.05,6.18,-1.17,2.7,-3.65,0.43,5.09,0.01182781
196805,2.28,7.1,0.66,0.31,-1.92,0.45,3.8,-0.01402705
196806,0.69,-0.36,0.83,-1.31,2.76,0.43,-1.9,-0.00386764
196807,-2.72,-1.42,5.39,-3.14,3.64,0.48,-0.88,-0.04067385
196808,1.34,2.26,1,-0.7,0.45,0.42,1.89,0.0032702
196809,4.03,2.84,0.3,-1.99,0.88,0.43,-0.65,0.01168661
196810,0.42,-0.38,2.86,-1.32,2.53,0.44,-1.46,-0.00211189
196811,5.43,2.41,-0.93,0.43,-2.26,0.42,1.75,-0.010299
196812,-3.94,3.56,-0.01,-1.86,1.7,0.43,-0.01,0.01400067
196901,-1.25,-0.45,1.68,-1.55,1.37,0.53,-0.17,0.0228162
196902,-5.84,-4.17,0.9,2.07,0.78,0.46,-2.36,0.05790585
196903,2.64,-0.42,-0.52,-1.42,-0.46,0.46,3.97,-0.01069171
196904,1.46,-0.83,-0.03,0.41,0.23,0.53,1.13,0.01961206
196905,-0.1,-0.11,0.72,-0.95,1.25,0.48,1.7,0.01883568
196906,-7.18,-5.5,-1.09,4.32,-1.53,0.51,-2.3,0.05054385
196907,-7,-3.39,1.18,1.45,1.93,0.53,1.7,0.03698282
196908,4.68,0.66,-3.77,1.17,-4.04,0.5,2.17,0.00284043
196909,-2.98,1.24,-3.19,3.45,-0.77,0.62,2.52,0.01789287
196910,5.06,3.91,-3.1,0.12,-2.14,0.6,-4.31,-0.05093539
196911,-3.79,-2.45,-1.21,1.45,0.28,0.52,3.66,0.02937924
196912,-2.63,-3.77,-2.84,2.54,-1.78,0.64,4.96,0.03910843
197001,-8.1,3.13,3.12,-1.71,3.85,0.6,0.6,0.02222465
197002,5.13,-2.74,3.93,-2.32,2.74,0.62,0.23,-0.05997182
197003,-1.06,-2.4,3.99,-1.01,4.32,0.57,-0.36,0.00276374
197004,-11,-6.37,6.17,-0.69,6.26,0.5,-0.77,0.03988847
197005,-6.92,-4.45,3.32,-1.25,3.92,0.53,-2.78,-0.07790799
197006,-5.79,-2.21,0.6,0.13,2.97,0.58,5.7,-0.03603967
197007,6.93,-0.62,0.91,-0.25,1.81,0.52,-3.14,-0.00117671
197008,4.49,1.53,1.27,0.56,-0.19,0.53,-6.55,0.00200811
197009,4.18,8.5,-5.52,0.3,-5.84,0.54,-8.8,-0.01577652
197010,-2.28,-4.43,0.21,1.71,2.32,0.46,9.42,-0.01641146
197011,4.6,-3.86,1.7,1.56,1.48,0.46,2.73,-0.00552738
197012,5.72,2.93,0.99,0.24,0.29,0.42,-2.23,0.04984003
197101,4.84,7.54,1.48,-1.99,0.06,0.38,-6.51,-0.04048085
197102,1.41,2.04,-1.27,0.58,-0.69,0.33,0.79,-0.01793555
197103,4.13,2.26,-4.03,1.83,-2.7,0.3,-1.41,0.01797642
197104,3.15,-0.35,0.81,-1.46,0.89,0.28,1.41,0.02622471
197105,-3.98,-1.11,-1.41,1.39,0.24,0.29,0.86,0.00368298
197106,-0.1,-1.49,-1.94,1.55,-1.65,0.37,2.73,-0.04293859
197107,-4.5,-1.42,-0.01,0.57,1.49,0.4,-2.37,-0.00596082
197108,3.79,-0.15,2.64,-0.45,2.63,0.47,3.61,0.02497528
197109,-0.85,0.28,-2.91,2.55,-1.59,0.37,2.12,0.00377134
197110,-4.42,-1.59,-0.48,1.58,-1.38,0.37,0.47,0.0315429
197111,-0.46,-2.87,-1.7,2.41,-0.33,0.37,1.51,0.00673334
197112,8.71,3.25,-0.41,-0.39,-1.73,0.37,-0.58,-0.00132402
197201,2.49,6.12,2.27,-1.68,0.52,0.29,0.17,-0.03669286
197202,2.87,0.89,-2.77,1.63,-0.53,0.25,2.54,0.0096974
197203,0.63,-0.47,-1.63,1.61,-0.15,0.27,2.94,0.03382246
197204,0.29,0.2,0.1,-0.45,-1,0.29,2.81,0.01401382
197205,1.25,-3.12,-2.72,2.38,-1.92,0.3,3.29,-0.00251954
197206,-2.43,-0.47,-2.49,1.81,-0.34,0.29,1.9,0.01461396
197207,-0.8,-2.77,0.66,1.14,-0.65,0.31,2.7,0.01614596
197208,3.26,-3.48,4.53,-1.95,2.88,0.29,-5.4,-0.02701586
197209,-1.14,-2.22,0.47,1.72,-1.97,0.34,1.82,-0.01634573
197210,0.52,-2.54,1.35,-0.15,-0.02,0.4,0.71,-0.01902972
197211,4.6,-0.63,4.83,-1.98,3.34,0.37,-5.09,-0.00816412
197212,0.62,-1.9,-2.19,2.58,-2.15,0.37,4.92,0.00900269
197301,-3.29,-2.82,2.68,0.38,0.9,0.44,3.73,-0.01486163
197302,-4.85,-3.9,1.6,-0.25,0.02,0.41,2.16,-0.01082593
197303,-1.3,-2.33,2.62,-1.04,0.64,0.46,3.59,-0.01272406
197304,-5.68,-2.95,5.42,-1.65,2.73,0.52,6.36,0.02307425
197305,-2.94,-6.18,0.41,1.94,-1.51,0.51,7.14,-0.00261441
197306,-1.57,-2.51,1.19,-0.27,0.21,0.51,4.3,-0.03236227
197307,5.05,7.26,-5.26,-0.05,-3.27,0.64,-11.57,0.00254919
197308,-3.82,-1.79,1.06,-1.28,1.29,0.7,3.46,0.01591023
197309,4.75,3.57,2.24,-2.3,1.75,0.68,-7,0.01708202
197310,-0.83,-0.3,1.6,-1.83,2.68,0.65,6.87,-0.04303971
197311,-12.75,-7.27,3.99,-2.58,1.69,0.56,8.66,-0.02655529
197312,0.61,-4.66,3.94,-2.69,2.41,0.64,10.38,-0.01675243
197401,-0.17,10.39,6,-3.18,4.48,0.63,-8.85,0.10250596
197402,-0.47,0.12,2.5,-1.87,2.62,0.58,0.32,0.03769419
197403,-2.81,2.61,-0.12,2.79,0.45,0.56,-1.05,0.04482981
197404,-5.29,-0.69,0.87,2.88,2.08,0.75,2.11,0.02300093
197405,-4.68,-3.08,-2.07,4.93,-0.4,0.75,-0.39,0.0588293
197406,-2.83,0.02,0.79,0.62,2.9,0.6,2.31,-0.00960425
197407,-8.05,1.92,5.17,-3.26,4.6,0.7,3.09,-0.00559386
197408,-9.35,0.26,2.64,-0.28,2.6,0.6,3,-0.03185659
197409,-11.77,1.48,5.59,-4.43,5.92,0.81,4.24,0.02156429
197410,16.1,-6.82,-9.88,-0.22,-2.87,0.51,-0.54,-0.07688055
197411,-4.51,-1.48,-0.2,-3.35,2.94,0.54,2.14,-0.02330062
197412,-3.45,-4.35,0.11,-0.69,3.26,0.7,2.92,0.01523821
197501,13.66,12.92,8.27,-0.76,-0.92,0.58,-13.82,0.10876389
197502,5.56,-0.65,-4.44,1.15,-2.12,0.43,-0.6,0.03662677
197503,2.66,3.99,2.39,1.23,-1.31,0.41,-2.04,0.05969079
197504,4.23,-0.72,-1.13,1.42,-1.35,0.44,1.38,0.00217849
197505,5.19,2.89,-4.1,-0.99,-0.61,0.44,-0.58,-0.03349678
197506,4.83,1.42,1.4,-2.66,1.1,0.41,0.02,-0.01748245
197507,-6.59,3.44,1.69,0.46,1.23,0.48,0.45,-0.00961332
197508,-2.85,-2.84,-0.94,1.12,-0.93,0.48,-0.1,-0.00855122
197509,-4.26,0.05,0.43,0.53,0.55,0.53,0.41,-0.01921566
197510,5.31,-4.22,0.27,-0.48,2.2,0.56,-0.16,0.09069118
197511,2.64,-1.1,2.05,-0.68,1.78,0.41,-0.45,0.03623193
197512,-1.6,-0.05,1.69,-0.09,0.58,0.48,-0.11,-0.00279676
197601,12.16,6.32,8.57,-1.79,2.27,0.47,4.45,0.01889973
197602,0.32,7.98,5.82,-2.6,3.83,0.34,0.38,-0.04154115
197603,2.32,-1.39,-0.11,-0.33,0.94,0.4,0.15,-0.01547489
197604,-1.49,0.08,-0.14,0.4,-1.08,0.42,0.59,-0.02147658
197605,-1.34,-1.1,-1.35,2.45,-1.4,0.37,-1.12,-0.03940119
197606,4.05,-1.07,0.69,-0.67,1.01,0.43,-0.42,-0.00663523
197607,-1.07,0.63,1.73,-1.05,0.28,0.47,-0.13,-0.02832679
197608,-0.56,-1.98,0.81,-0.41,-0.55,0.42,-0.85,0.01810316
197609,2.07,0.1,-0.29,0.98,-1.15,0.44,0.22,-0.01575295
197610,-2.42,0.13,-0.18,-0.19,-0.37,0.41,-0.44,0.00653387
197611,0.36,2.66,1.51,-1.41,0.09,0.4,2.89,-0.02436709
197612,5.65,3.64,2.27,-0.62,2.28,0.4,0.73,-0.01139266
197701,-4.05,5.9,4.27,-0.51,1.97,0.36,4.01,-0.03086918
197702,-1.94,1.07,0.47,-0.16,-0.22,0.35,0.36,-0.00920798
197703,-1.37,1.31,1.09,-0.3,-0.06,0.38,0.55,0.01040882
197704,0.15,0.61,3.38,-2.02,1.14,0.38,4.21,-0.02282789
197705,-1.45,1.31,0.85,0.33,0.19,0.37,2.03,0.0163649
197706,4.71,2.08,-0.74,0.91,-1.2,0.4,1.66,0.0239562
197707,-1.69,1.88,-0.57,0.74,0.09,0.42,0.36,0.00139087
197708,-1.75,0.86,-2.73,0.99,-0.69,0.44,-1.7,0.03093138
197709,-0.27,1.43,-0.46,1.45,-0.84,0.43,2,0.01013275
197710,-4.38,1.48,1.81,-0.19,-0.29,0.49,-0.08,-0.01274382
197711,4,3.64,0.23,-0.13,0.71,0.5,2.01,0.00334035
197712,0.27,1.59,-0.3,0.91,-0.69,0.49,1.58,-0.00705913
197801,-6.01,2.72,3.36,-1.7,1.52,0.49,-0.66,0.00736737
197802,-1.38,3.7,0.83,0.33,1.04,0.46,1.97,0.00018492
197803,2.85,3.71,1.16,-0.59,1.88,0.53,1.37,0.01715305
197804,7.88,-0.27,-3.57,2.83,-1.29,0.54,0.86,0.03159316
197805,1.76,4.58,-0.53,0.24,0.37,0.51,2.83,0.01451886
197806,-1.69,1.56,0.57,-1.41,-0.03,0.54,2.75,0.01060351
197807,5.11,0.13,-1.11,1.55,-0.79,0.56,4.18,0.0302821
197808,3.75,4.95,-0.57,1.41,0.44,0.56,2.83,-0.00056369
197809,-1.43,-0.31,1.86,-0.65,1.8,0.62,-3.14,-0.0272171
197810,-11.91,-10.07,1.39,0.18,0.99,0.68,-8.46,0.04372945
197811,2.71,2.85,-2.14,1.11,-1.19,0.7,5.47,-0.03258404
197812,0.88,1.12,-2.13,1.95,-1.38,0.78,3.03,0.00261659
197901,4.23,3.79,2.2,-2.49,1.51,0.77,-1.36,-0.00987982
197902,-3.56,0.54,1.14,-1.11,0.96,0.73,-1.06,-0.02962058
197903,5.68,3.2,-0.73,0.51,0.28,0.81,2.93,-0.0054805
197904,-0.06,2.4,1.08,1.11,0.21,0.8,0.81,0.01765909
197905,-2.21,0.17,1.32,-1.55,-0.27,0.82,-0.54,-0.02151047
197906,3.85,0.99,1.39,-1.59,-0.47,0.81,0.84,-0.01708665
197907,0.82,1.27,1.86,-0.28,0.71,0.77,-1.07,-0.01701357
197908,5.53,1.92,-1.58,1.6,-1.47,0.77,-0.21,0.0151875
197909,-0.82,-0.33,-0.9,1,0.32,0.83,5.28,-0.01024127
197910,-8.1,-3.51,-1.86,1,0.1,0.87,2.01,-0.000515
197911,5.21,2.53,-3.28,0.02,-2.12,0.99,8.14,-0.0679793
197912,1.79,4.32,-2.1,-0.72,-0.9,0.95,4.78,-0.01646801
198001,5.51,1.82,1.75,-1.69,1.71,0.8,7.55,0.00135218
198002,-1.22,-1.58,0.61,0.07,2.7,0.89,7.88,0.01930311
198003,-12.9,-6.92,-1.01,1.45,-1.16,1.21,-9.55,0.02745496
198004,3.97,1.05,1.08,-2.06,0.27,1.26,-0.43,-0.00952238
198005,5.26,2.1,0.38,0.32,-0.32,0.81,-1.12,-0.0078098
198006,3.06,1.42,-0.76,-0.16,-1.28,0.61,1.62,0.01063233
198007,6.49,3.82,-6.41,4.05,-2.38,0.53,0.35,-0.00699638
198008,1.8,4.26,-2.61,2.07,-0.87,0.64,3.21,0.01334038
198009,2.19,0.66,-4.58,1.9,-2.77,0.75,5.39,0.00989653
198010,1.06,2.36,-2.79,1.69,-1.18,0.95,7.3,0.02669153
198011,9.59,-3.31,-8.33,4.51,-5.71,0.96,15.22,0.03009778
198012,-4.52,-0.29,2.79,-1.29,1.23,1.31,-6.68,0.02694688
198101,-5.04,3.29,6.72,-3.53,4.35,1.04,-7.95,0.0396638
198102,0.57,-0.51,1.02,0.21,2.27,1.07,-1.35,0.00287617
198103,3.56,3.03,0.64,-2.26,-0.52,1.21,0.74,0.01465041
198104,-2.11,4.59,2.28,0.83,1.22,1.08,-0.91,-0.01873627
198105,0.11,2.45,-0.42,0.3,-1.54,1.15,3.7,-0.026426
198106,-2.36,-0.95,5.13,-1.37,2.69,1.35,-5.81,0.06166828
198107,-1.54,-2.05,-0.49,1.26,-2.55,1.24,-2.45,-0.01321385
198108,-7.04,-1.81,4.79,-0.31,1.41,1.28,-1.15,-0.00157323
198109,-7.17,-2.44,5.17,0.12,2.61,1.24,1.95,0.09324899
198110,4.92,2.36,-4.21,3.14,-3.01,1.21,4.01,-0.02447171
198111,3.36,-1.51,1.85,0.07,0.96,1.07,-0.27,0.06097189
198112,-3.65,1.2,0.82,0.22,2.5,0.87,1.3,0.00956992
198201,-3.24,-1.13,3.19,-1.49,1.92,0.8,1.72,-0.01978417
198202,-5.86,0.35,6.05,-3.43,4.56,0.92,4.88,-0.01144574
198203,-1.87,-0.04,3.83,-1.39,2.49,0.98,2.96,0.04354018
198204,3.27,1.09,-2.7,1.56,-0.02,1.13,-0.4,-0.02399156
198205,-3.99,0.64,1.76,0.88,-0.31,1.06,2.5,0.02935751
198206,-3.09,-0.52,1.55,0.01,2.7,0.96,4.96,0.04970968
198207,-3.19,0.95,0.09,1.04,1.54,1.05,4.44,-0.01586295
198208,11.14,-4.33,0.93,-1.89,0.11,0.76,-3.52,-0.00509109
198209,1.29,2.62,0.27,2.14,-0.04,0.51,4.19,0.04186289
198210,11.3,1.94,-3.67,0.29,-0.34,0.59,0.18,-0.03783243
198211,4.67,4.42,-1.85,-0.97,0.29,0.63,5.94,0.01049033
198212,0.55,-0.07,0.01,-0.01,1.05,0.67,0.04,-0.03135686
198301,3.6,3.33,-0.71,-1.55,-0.55,0.69,-1.74,-0.05499215
198302,2.59,2.93,0.7,-0.52,1.05,0.62,3.78,-0.03157817
198303,2.82,1.38,2.01,-0.17,2.74,0.63,0.93,0.04051042
198304,6.67,0.47,0.51,-0.11,1.47,0.71,1.72,0.03543041
198305,0.52,6.33,-1.42,-1.84,-1.54,0.69,-1.56,0.01830252
198306,3.07,1.19,-3.91,2.6,-0.87,0.67,1.8,0.00094532
198307,-4.07,1.01,5.62,-0.11,2.81,0.74,-3.11,0.04395687
198308,-0.5,-4.32,5.54,0.53,1.9,0.76,-5.43,0.04392753
198309,0.91,0.31,1.01,1.25,0.5,0.76,-0.03,0.01339034
198310,-3.44,-3.78,4.97,-0.79,2.96,0.76,-4.52,0.05833173
198311,2.16,1.89,-0.73,-0.75,0.66,0.7,-0.13,-0.07128232
198312,-1.78,-0.45,1.7,1.6,1.27,0.73,0.84,0.05049241
198401,-1.92,-0.03,7.57,-0.82,2.92,0.76,-2.56,0.06415702
198402,-4.82,-1.6,3.34,0.91,1.58,0.71,0.22,0.00542683
198403,0.63,-0.29,0.47,-0.85,1.17,0.73,1.07,0.0092948
198404,-0.51,-0.96,1.19,3.38,0.76,0.81,2.07,0.00440053
198405,-5.97,0.14,0.29,2.2,-0.46,0.78,1.51,0.02411814
198406,1.82,0.1,-2.66,3.13,-1.56,0.75,-0.7,-0.00251545
198407,-2.74,-2.22,0.33,3.55,-2.15,0.82,2.83,0.02114858
198408,10.28,-0.26,-1.8,-0.68,-0.92,0.83,-5.59,-0.03419201
198409,-0.8,-0.03,5.23,1.37,2.41,0.86,3.62,0.02442012
198410,-0.84,-1.44,0.47,1.18,-1.09,1,3.16,-0.00887039
198411,-1.76,-1.01,4.04,0.72,2.06,0.73,1.64,0.0162787
198412,1.84,-0.65,-0.25,1.31,-1.36,0.64,1.49,0.00039742
198501,7.99,3.5,-5.33,-0.89,-3.41,0.65,-6.82,-0.01660344
198502,1.22,1.04,-0.1,1.29,1.06,0.58,1.88,0.02277367
198503,-0.84,-1.39,4.07,1.23,2.88,0.62,1.58,0.03882319
198504,-0.96,-0.1,3.72,1.55,0.71,0.72,3.04,0.03804409
198505,5.09,-2.31,-0.94,1.33,-1.49,0.66,3.99,-0.00808688
198506,1.27,0.35,0.41,1.76,-0.77,0.55,3.57,0.00855668
198507,-0.74,2.87,-1.6,-0.44,-0.38,0.62,-3.91,-0.01828073
198508,-1.02,-0.29,2.28,-0.07,1.84,0.55,1.85,0.02600935
198509,-4.54,-1.8,1.29,1.09,1.62,0.6,1.51,0.01085101
198510,4.02,-1.49,0.75,0.91,-1.08,0.65,4.88,0.05068405
198511,6.48,0.02,-2.84,0.32,-2.29,0.61,-0.47,0.00714591
198512,3.88,-0.4,-1.54,1.01,-1.82,0.65,-0.23,-0.01941905
198601,0.65,1,0.44,-2,-2,0.56,3,0.01964165
198602,7.13,-0.71,-0.77,1.09,-1.24,0.53,2.76,0.00105304
198603,4.88,-0.65,-0.37,1.18,0.9,0.6,2.41,0.0363642
198604,-1.31,2.86,-2.86,2.89,-0.06,0.52,-0.36,-0.00514238
198605,4.62,-1.29,-0.21,2.15,1.08,0.49,2.05,0.02744911
198606,1.03,-0.88,1.3,1.83,0.82,0.52,5.07,0.0600893
198607,-6.45,-3.45,4.7,-0.45,0.84,0.52,1.85,-0.01803947
198608,6.07,-4.35,3.51,-1.63,3.19,0.46,-5.28,-0.02737228
198609,-8.6,2.05,3.22,-0.1,3.72,0.45,-5.79,0.04080236
198610,4.66,-2.33,-1.42,-0.05,1,0.46,4.46,0.02056557
198611,1.17,-1.89,-0.07,1.03,0.66,0.39,-0.26,-0.03060519
198612,-3.27,0.12,0.36,0.81,0.09,0.49,0.35,-0.01213806
198701,12.47,-1.54,-3.16,0.16,-0.98,0.42,2.2,-0.07241072
198702,4.39,3.4,-5.91,-0.84,-2.63,0.43,-2.07,-0.040146
198703,1.64,0.27,1.61,1.35,4.12,0.47,1.68,-0.01467193
198704,-2.11,-1.54,-0.39,-0.5,1.03,0.44,0.22,-0.03959467
198705,0.11,-0.56,0.23,0.51,1.15,0.38,-0.74,0.01152273
198706,3.94,-2.21,1.04,1.69,0.84,0.48,-0.25,0.02590464
198707,3.85,-1.12,0.73,-0.61,1.64,0.46,2.66,0.00712808
198708,3.52,-0.95,-0.95,2.04,-1.61,0.47,-0.86,-0.05849465
198709,-2.59,0.4,0.3,-0.97,1.9,0.45,0.77,0.00235247
198710,-23.24,-8.05,4.23,2.06,2.26,0.6,-7.86,0.05410623
198711,-7.77,2.87,2.96,-1.88,0.68,0.35,-1.17,-0.0177624
198712,6.81,0.06,-4.39,2.95,-2.46,0.39,5.87,0.00747977
198801,4.21,-0.53,4.95,-1.13,2.2,0.29,-7.27,0.04419692
198802,4.75,3.31,-1.69,1.55,0,0.46,-1.47,0.00331616
198803,-2.27,6.24,0.74,-0.26,1.82,0.44,0.58,-0.02013371
198804,0.56,1.15,1.63,-0.2,1.94,0.46,2.24,-0.0254139
198805,-0.29,-2.57,2.42,-0.74,0.33,0.51,0.63,-0.0052894
198806,4.79,2.14,-1.22,1.46,-3.44,0.49,-2.93,-0.00985635
198807,-1.25,-0.21,2.17,-0.58,1.49,0.51,0.65,-0.00858824
198808,-3.31,-0.03,2.1,-0.81,1.76,0.59,0.35,0.03568304
198809,3.3,-1.35,-0.75,1.75,-0.6,0.62,0.27,0.01492452
198810,1.15,-2.95,1.69,1.29,1.03,0.61,1.33,0.02377163
198811,-2.29,-1.65,1.3,-0.28,1.63,0.57,0.33,-0.00081669
198812,1.49,2.02,-1.61,0.69,-0.38,0.63,0.49,-0.04444234
198901,6.1,-2.31,0.62,-0.95,0.14,0.55,-0.16,-0.0016592
198902,-2.25,2.71,0.93,-0.87,1.81,0.61,0.99,-0.00456775
198903,1.57,0.68,0.54,0.05,0.73,0.67,3.51,-0.00865838
198904,4.33,-0.78,-1.4,0.71,-0.57,0.67,1.77,-0.01977793
198905,3.35,0,-0.87,0.49,-0.08,0.79,1.52,-0.03820612
198906,-1.35,-1.09,2.23,0.27,1.55,0.71,0.43,0.0731825
198907,7.2,-4.17,-2.79,1.95,-0.56,0.7,5.39,0.03079457
198908,1.44,0.48,0.6,0.39,-0.57,0.74,-0.12,0.0065958
198909,-0.76,0.49,-1.27,1.4,0.51,0.65,3.4,-0.04839777
198910,-3.67,-3.32,-1.11,0.1,-0.03,0.68,1.32,0.02607578
198911,1.03,-1.29,-1.09,-0.86,1.37,0.69,2.6,-0.02504374
198912,1.16,-2.28,0.16,-0.07,1.45,0.61,2.8,0.02053414
199001,-7.85,-1.32,0.85,-1.18,1.37,0.57,-3.27,-0.03457354
199002,1.11,1.15,0.64,-0.07,-0.61,0.57,-0.54,-0.03002814
199003,1.83,1.58,-2.92,2.02,-0.95,0.64,1.8,-0.02598953
199004,-3.36,-0.32,-2.59,1.81,-1,0.69,2.39,0.05816795
199005,8.42,-2.37,-3.83,1.54,-1.58,0.68,3.03,-0.00646495
199006,-1.09,1.31,-1.93,-1.1,-0.36,0.63,2.4,0.02555087
199007,-1.9,-3.14,-0.04,-0.11,3.23,0.68,6.14,0.05100865
199008,-10.15,-3.86,1.6,-0.35,2.99,0.66,1.88,0.04465373
199009,-6.12,-3.74,0.61,0.06,3.61,0.6,5.78,0.01983949
199010,-1.92,-5.07,0,3.13,-0.32,0.68,6.71,-0.01340604
199011,6.35,0.04,-2.97,0.5,-4.69,0.57,-5.48,-0.01164781
199012,2.46,0.64,-1.63,2.64,-1.81,0.6,0.29,-0.03404481
199101,4.69,3.89,-1.57,1.26,-3.85,0.52,-6.45,-0.09445254
199102,7.19,4.01,-0.63,-0.04,-0.43,0.48,-4.61,-0.01952056
199103,2.65,3.82,-1.3,-0.5,-1.11,0.44,2.87,-0.00698394
199104,-0.28,0.32,1.45,0.64,0.8,0.53,-2.36,0.01757126
199105,3.65,0.12,-0.49,2.05,-2.35,0.47,-0.11,-0.01097174
199106,-4.94,0.26,1.07,1.77,0.64,0.42,0.47,0.03000179
199107,4.24,-0.96,-1.32,1.61,-1.36,0.49,4.24,0.01557993
199108,2.32,1.41,-0.78,0.85,-0.34,0.46,1.57,-0.0160104
199109,-1.59,1.56,-1.07,-1.8,0.08,0.46,1.79,0.01147226
199110,1.29,0.9,-0.46,-1.73,-0.23,0.42,3.06,0.02148354
199111,-4.19,-0.84,-1.88,1.06,0.01,0.39,1.14,0.0426853
199112,10.84,-2.4,-4.18,3.56,-3.12,0.38,8.19,-0.0497502
199201,-0.59,9.19,4.7,-1.29,3.2,0.34,-2.49,-0.07488177
199202,1.09,1.34,6.47,0.1,2.19,0.28,-0.53,-0.05000811
199203,-2.66,-0.93,3.55,-0.01,1.95,0.34,-0.29,-0.00041515
199204,1.07,-5.7,4.32,1.69,2.23,0.32,-2.58,-0.0046922
199205,0.3,0.21,1.19,-0.96,0.48,0.28,0.21,-0.00143516
199206,-2.34,-2.74,3.25,-0.09,1.01,0.32,-0.58,0.0182611
199207,3.77,-0.66,-0.55,1.24,-0.89,0.31,1.59,0.02365128
199208,-2.38,-0.44,-1.08,3.68,-1.6,0.26,-0.51,0.05068542
199209,1.19,0.44,-0.23,1.58,-0.63,0.26,1.5,-0.02260095
199210,1.02,2.09,-1.98,1.26,-0.84,0.23,2.48,-0.01937455
199211,4.13,3.98,-1.42,-0.62,-1.65,0.23,-0.15,-0.05084703
199212,1.53,1.67,2.65,-0.46,0.83,0.28,4.31,-0.02983846
199301,0.93,1.89,5.95,-1.85,2.94,0.23,4.83,-0.01201289
199302,0.12,-3.47,6.44,-0.48,4.21,0.22,3.14,0.06236053
199303,2.3,0.08,1.19,-0.17,0.9,0.25,3.73,-0.03747903
199304,-3.05,-0.86,2.48,-3.6,1.44,0.24,0.38,-0.01379561
199305,2.89,1.93,-3.5,-0.08,-1.05,0.22,0.22,0.03466957
199306,0.31,0.16,2.72,-0.91,1.2,0.25,4.55,-0.03491807
199307,-0.34,0.92,2.82,-1.85,2.05,0.24,3.19,-0.01324547
199308,3.71,0.11,0.14,-1.54,-0.03,0.25,2.65,0.01284106
199309,-0.12,2.94,-0.35,0.25,-0.16,0.26,3.37,-0.07445304
199310,1.41,1.89,-2.78,0.58,0.6,0.22,-2.72,0.03208663
199311,-1.89,-1.18,-0.66,2.19,-0.94,0.25,-4.74,0.04998252
199312,1.65,1.38,0.27,1.17,-0.34,0.23,2.36,0.01614878
199401,2.87,0.08,1.28,-1.75,1.43,0.25,0,-0.00324173
199402,-2.55,2.67,-1.56,2.15,-1,0.21,-0.3,0.00873348
199403,-4.78,-1.09,1.55,0.71,1.28,0.27,-1.27,0.02580259
199404,0.68,-1,1.66,1.06,1.11,0.27,0.39,0.00561683
199405,0.58,-2.53,0.7,0.6,0.68,0.31,-2.19,0.03170384
199406,-3.03,-0.48,1.67,1.21,1.47,0.31,-0.87,0.00006866
199407,2.82,-1.79,0.57,-0.6,0.11,0.28,0.1,-0.00852911
199408,4.01,1.38,-2.5,0.96,-1.47,0.37,1.55,0.00632528
199409,-2.31,2.76,-1.84,0.53,0.9,0.37,1.31,0.03183037
199410,1.34,-2.31,-1.63,0.24,-0.69,0.38,1.49,0.01108546
199411,-4.04,0.13,-0.73,0.4,-0.39,0.37,-0.18,-0.0221763
199412,0.86,-0.04,-0.09,0.39,0.3,0.44,3.48,0.01866498
199501,1.8,-3.02,2.51,0.2,-0.76,0.42,-1.81,-0.03116726
199502,3.63,-0.54,1.09,0.56,-0.28,0.4,-0.39,-0.02682658
199503,2.19,-0.53,-2.08,-0.13,0.24,0.46,0.43,0.00985672
199504,2.11,-0.22,1.7,0.4,0.89,0.44,1.79,0.00323005
199505,2.9,-2.18,2.27,0.36,0.1,0.54,-0.42,-0.01178502
199506,2.72,3.03,-2.54,-0.35,-2.48,0.47,2.93,-0.00551905
199507,3.72,2.08,-1.59,0.28,-1.64,0.45,2.57,0.03955352
199508,0.55,1.76,2.81,-1.22,1.61,0.47,0.16,-0.0213846
199509,3.35,-1.9,-0.05,1.02,0.38,0.43,2.9,-0.07687102
199510,-1.52,-4.07,-0.51,1.86,-0.04,0.47,4.16,0.0375228
199511,3.96,-1.07,0.58,-0.56,1.13,0.42,-0.68,0.00921387
199512,1.03,0.73,0.18,-1.38,3.08,0.49,2.52,-0.01631356
199601,2.26,-2.56,0.4,0.19,2.31,0.43,0.54,0.02852797
199602,1.33,1.76,-1.07,0.24,-1.89,0.39,0.59,0.00964349
199603,0.73,1.64,0.36,1.48,-0.96,0.39,-1.84,-0.01158013
199604,2.06,4.7,-4.05,-0.16,-2.11,0.46,-0.88,-0.03273056
199605,2.36,3.22,-0.89,0.16,-0.3,0.42,1.54,-0.0101101
199606,-1.14,-3.64,2.38,3.48,1.2,0.4,0.98,-0.04785969
199607,-5.97,-3.8,5.14,2.97,2.56,0.45,-0.17,-0.03919239
199608,2.77,2.58,-0.74,-0.41,-2.4,0.41,0.01,0.00682659
199609,5.01,-1.39,-2.7,1.23,-2.22,0.44,2.7,-0.0321294
199610,0.86,-3.76,4.94,1.38,3.26,0.42,3.79,-0.02184299
199611,6.25,-3.82,1.39,2.1,-0.78,0.41,-2.37,0.02313479
199612,-1.7,3.26,1.32,0.38,1.47,0.46,0.63,-0.0216494
199701,4.99,-1.83,-1.46,1.22,-0.13,0.45,1.96,-0.02843271
199702,-0.49,-2.56,5.69,0.65,3.48,0.39,-2.13,-0.03056509
199703,-5.03,-0.42,3.4,0.45,1.7,0.43,0.9,0.01362363
199704,4.04,-5.71,0.07,3.24,-0.71,0.43,4.84,0.08775789
199705,6.74,4.75,-4.12,-1.02,-2.95,0.49,-5.17,0.00800034
199706,4.1,1.21,1.59,0.56,0.63,0.37,2.6,0.00382522
199707,7.33,-2.77,0.29,0.07,-2.55,0.43,3.79,0.01570858
199708,-4.15,7.63,1.2,-1.09,0.09,0.41,-2.56,-0.01724692
199709,5.35,2.49,0.38,-1.62,-0.85,0.44,1.47,-0.01502329
199710,-3.8,-0.55,2.25,1.04,1.88,0.42,-0.57,0.01982109
199711,2.98,-5.1,1.19,2.81,1.67,0.39,0.33,0.07818389
199712,1.32,-2.02,3.86,0.8,1.99,0.48,3.98,0.03538202
199801,0.15,-1.36,-1.59,0.87,-0.84,0.43,0.14,0.03098841
199802,7.04,0.2,-0.85,-0.34,-2.32,0.39,-1.12,0.04998641
199803,4.76,-0.63,1.41,-0.29,-0.41,0.39,2.15,-0.03167249
199804,0.73,-0.05,0.9,-1.67,-0.44,0.43,0.74,-0.02072274
199805,-3.07,-2.92,3.4,1.08,2.74,0.4,1.82,-0.00535602
199806,3.18,-3.67,-1.96,-0.26,-3.13,0.41,7.28,0.01675034
199807,-2.46,-5.27,-1.76,1.72,0.45,0.4,3.73,0.01071449
199808,-16.08,-5.17,3.6,3.44,5.89,0.43,1.84,-0.02735748
199809,6.15,-0.77,-3.37,-1.9,-2.97,0.46,-0.81,0.04377373
199810,7.13,-3.42,-2.29,0.94,0.32,0.32,-5.37,0.0242332
199811,6.1,0.71,-3.23,-0.91,-1.14,0.31,1.2,0.01156041
199812,6.16,-1.57,-4.18,-0.76,-3.41,0.38,8.92,0.02902354
199901,3.5,-0.73,-4.62,-2.79,-6.78,0.35,3.03,0.05038095
199902,-4.08,-5.2,1.88,-1.17,4.06,0.35,-0.1,0.02041706
199903,3.45,-4.23,-2.77,-4.1,-1.41,0.43,-1.27,-0.00365112
199904,4.33,4.53,2.41,-2.55,0.93,0.37,-9.04,0.0883293
199905,-2.46,3.74,2.3,1,3.32,0.34,-5.19,-0.00711144
199906,4.77,2.3,-3.27,1.12,-3.24,0.4,5.06,0.0431132
199907,-3.49,2.57,-0.42,0.38,3.19,0.38,1.66,-0.0159411
199908,-1.38,-1.72,-1.84,-0.21,0.63,0.39,3.12,-0.00453102
199909,-2.79,2.62,-3.48,-0.74,-1.17,0.39,6.47,-0.03085289
199910,6.12,-6.89,-3.37,-1.72,-1.22,0.39,5.5,0.08997094
199911,3.37,5.8,-6.16,-4.29,-1.78,0.36,5.64,-0.01713025
199912,7.72,5.34,-8.32,-7.6,-5.61,0.44,13.22,0.04463737
200001,-4.74,4.45,-1.89,-6.29,4.74,0.41,1.92,0.01080649
200002,2.45,18.38,-9.81,-18.76,-0.35,0.43,18.2,0.00821657
200003,5.2,-15.39,8.23,11.82,-1.61,0.47,-6.83,-0.00107706
200004,-6.4,-4.96,7.25,7.67,5.62,0.46,-8.39,-0.04361215
200005,-4.42,-3.87,4.83,4.18,1.32,0.5,-8.98,-0.02551143
200006,4.64,9.87,-8.41,-8.26,-2.91,0.4,16.61,-0.03406082
200007,-2.51,-1.02,8.33,6.09,2.96,0.48,-0.1,0.11108086
200008,7.03,-1.01,-1.37,-3.01,1.06,0.5,5.73,-0.00863057
200009,-5.45,0.26,7.17,2.89,5.56,0.51,1.97,-0.03874534
200010,-2.76,-2.72,5.64,9.28,3.84,0.56,-4.48,0.02325654
200011,-10.72,-0.58,12.34,13.38,8.42,0.51,-2.32,-0.0363479
200012,1.19,3.3,7.6,2.44,4.79,0.5,6.74,0.01147489
200101,3.13,5.45,-5.11,-5.46,-5.05,0.54,-25.3,0.07102377
200102,-10.05,2.79,12.48,9.12,9.06,0.38,12.57,0.0395213
200103,-7.26,2.36,6.43,3.39,3.9,0.42,8.55,0.07061035
200104,7.94,-0.88,-4.7,-3.48,-3.18,0.39,-7.9,0.00692612
200105,0.72,3.59,3.36,0.25,1.91,0.32,2.21,0.03163566
200106,-1.94,6.57,-1.13,1.27,-1.51,0.28,0.38,0.00367084
200107,-2.13,-2.83,5.21,7.42,3.04,0.3,5.58,0.0362647
200108,-6.46,2.71,2.3,4.06,6.56,0.31,5.53,0.04917917
200109,-9.25,-5.73,1.46,5.03,3.22,0.28,11.48,-0.10046824
200110,2.46,5.28,-7.66,-3.01,-4.55,0.22,-8.47,0.03490791
200111,7.54,-0.31,2.22,-3.74,-1.66,0.17,-8.69,0.03276847
200112,1.6,5.16,0.85,0.35,-0.28,0.15,0.07,0.06856494
200201,-1.44,1.25,3.44,4.69,2.85,0.14,3.75,-0.01226756
200202,-2.29,-0.36,2.16,8.06,5.1,0.13,6.82,0.03762029
200203,4.24,4.24,1.07,-1.78,0.59,0.13,-1.64,0.07804615
200204,-5.2,6.73,3.88,4.59,5.37,0.15,7.63,0.05161829
200205,-1.38,-3.02,1.53,2.35,2.42,0.14,3.16,0.05111795
200206,-7.21,3.88,-0.03,3.93,2.51,0.13,6.03,-0.00931038
200207,-8.18,-6.42,-3.86,3.76,-1.02,0.15,3.74,-0.04545052
200208,0.5,-1.32,3.31,1.34,-1.42,0.14,1.9,0.00362613
200209,-10.35,3.1,1.44,3.26,-2.22,0.14,9.13,0.00121132
200210,7.84,-4.3,-3.95,-3.36,0.78,0.14,-5.58,0.0411507
200211,5.96,2.95,-1.27,-9.19,5.15,0.12,-16.33,0.01739002
200212,-5.76,0.64,2.13,6.27,-1.69,0.11,9.64,-0.01139892
200301,-2.57,0.67,-0.73,-1.03,0.76,0.1,1.55,-0.02109548
200302,-1.88,-0.93,-1.38,0.87,-0.61,0.09,1.17,0.01062062
200303,1.09,0.68,-1.93,1.87,-0.76,0.1,1.48,0.00069123
200304,8.22,1.05,1.17,-4.67,1.08,0.1,-9.33,0.03763324
200305,6.05,4.85,0.53,-7.02,3.02,0.09,-10.7,0.00803146
200306,1.42,1.66,0.19,0.44,-0.34,0.1,-1,-0.00873393
200307,2.35,4.58,-1.19,-4.23,1.85,0.07,-0.32,0.06835237
200308,2.34,2.52,1.54,-2.21,2.13,0.07,-0.62,0.04069019
200309,-1.24,0.55,0.1,1.06,0.34,0.08,-0.19,-0.00805405
200310,6.08,2.67,1.92,-1.3,1.48,0.07,3.99,0.02084509
200311,1.35,2.25,1.81,0.12,1.81,0.07,1.46,0.00454893
200312,4.29,-2.53,1.6,0.51,0.95,0.08,-5.57,-0.00325508
200401,2.15,2.44,2.46,-3.66,3.39,0.07,2.58,-0.05251406
200402,1.4,-0.88,0.87,2.15,-1.22,0.06,-1.14,0.02833066
200403,-1.32,2.12,0.23,1.61,-0.99,0.09,0.17,0.01719833
200404,-1.83,-2.07,-3.02,3.42,-2.76,0.08,-5.38,-0.00343125
200405,1.17,-0.42,-0.23,-1.15,0,0.06,1.5,-0.00197162
200406,1.86,2.57,1.23,1.19,-0.38,0.08,2.05,0.02778716
200407,-4.06,-2.94,3.22,5.31,-1.66,0.1,-2.28,0.07163805
200408,0.08,-1.15,1,1.24,-1.44,0.11,-1.59,0.06458801
200409,1.6,3.27,-0.02,-1.44,-1.89,0.11,5.49,-0.00164037
200410,1.43,0.19,-0.25,-0.49,0.49,0.11,-1.38,-0.0153671
200411,4.54,4.11,1.45,-0.59,-0.21,0.15,3.16,0.01394736
200412,3.43,-0.05,-0.21,-1.17,0.46,0.16,-2.87,-0.03471279
200501,-2.76,-1.18,2.07,2.72,-1.46,0.16,3.05,0.04233995
200502,1.89,-0.3,1.54,1.42,-0.05,0.16,3.37,0.05583943
200503,-1.97,-1.42,2.05,0.45,1.29,0.21,0.41,-0.00304622
200504,-2.61,-3.98,0.05,0.94,-0.95,0.21,-0.69,-0.05303951
200505,3.65,2.79,-0.59,-0.95,0.29,0.24,0.45,0.00006608
200506,0.57,3.28,2.81,0.96,-0.52,0.23,2.05,0.04263413
200507,3.92,2.79,-0.78,-1.23,-0.81,0.24,0.06,0.02730879
200508,-1.22,-0.9,1.34,-2.11,0.36,0.3,2.08,0.03004829
200509,0.49,-0.36,0.69,0.27,-0.6,0.29,3.43,0.03387571
200510,-2.02,-1.43,0.41,-0.94,-1.29,0.27,-1.39,-0.04393615
200511,3.61,0.84,-1.2,-0.74,-1.14,0.31,0.35,0.0053735
200512,-0.25,-0.2,0.22,0.21,0.23,0.32,0.77,0.00040549
200601,3.04,5.77,1.09,-0.66,-0.43,0.35,2.53,0.03390266
200602,-0.3,-0.43,-0.37,-0.5,1.9,0.34,-1.84,-0.03892763
200603,1.46,3.4,0.55,0.1,-0.4,0.37,1.26,0.01239827
200604,0.73,-0.85,2.34,1.79,-0.01,0.36,0.61,-0.00662866
200605,-3.57,-2.86,2.39,1.15,1.46,0.43,-3.7,0.02052905
200606,-0.35,-0.22,0.8,1.33,-0.08,0.4,1.54,0.03216129
200607,-0.78,-3.64,2.62,1.64,0.9,0.4,-2.13,0.05464797
200608,2.03,0.42,-2.04,-1.9,2.15,0.42,-3.38,-0.02799618
200609,1.84,-1.43,0.06,0.86,0.57,0.41,-0.96,-0.01760065
200610,3.23,1.95,-0.26,-0.16,0.28,0.41,-0.2,0.03789315
200611,1.71,0.73,0.11,0.18,-0.83,0.42,-1.03,0.02841449
200612,0.87,-0.8,2.71,-0.71,2.05,0.4,0.79,-0.01618119
200701,1.4,0.09,-0.7,0.27,0.36,0.44,0.24,0.0037558
200702,-1.96,1.28,-0.12,-0.5,-0.72,0.38,-1.35,0.02496826
200703,0.68,0.18,-0.94,0.61,-0.66,0.43,2.56,0.0293159
200704,3.49,-2.06,-1.43,1.1,1.05,0.44,-0.24,0.02008087
200705,3.24,0.38,-0.62,1.55,-1.36,0.41,-0.34,0.02742498
200706,-1.96,0.75,-1.07,0.53,0.08,0.4,0.51,0.00799133
200707,-3.73,-2.98,-3.73,0.19,-1.11,0.4,2.94,0.02659782
200708,0.92,-0.38,-1.89,-1.23,-0.54,0.42,0.1,-0.00456816
200709,3.22,-2.42,-2.23,-0.56,-3.02,0.32,4.63,0.03336599
200710,1.8,-0.04,-3.11,-0.31,-0.12,0.32,5.02,0.05507869
200711,-4.83,-3.02,-0.94,1.88,-0.27,0.34,0.99,0.02204191
200712,-0.87,0.18,-0.52,0.82,-1.06,0.27,6.63,0.05044672
200801,-6.36,-0.61,4.01,2.21,2.13,0.21,-7.75,-0.12538313
200802,-3.09,-0.64,-0.84,0.83,-0.93,0.13,6.1,0.02891129
200803,-0.93,0.61,0.35,0.8,0.51,0.17,4.27,0.0409467
200804,4.6,-1.19,-1.09,1.68,-2.46,0.18,-0.31,0.10817244
200805,1.86,3.02,-1.53,0.91,-0.06,0.18,3.31,0.08001028
200806,-8.44,1.19,-2.7,4.94,-0.56,0.17,12.75,0.09409628
200807,-0.77,3.7,5.27,-1.35,1.03,0.15,-5.07,-0.13178885
200808,1.53,3.4,1.48,1.88,0.85,0.13,-4.02,0.01855953
200809,-9.24,0.25,5.9,2.41,1.8,0.15,0.28,-0.13332696
200810,-17.23,-3.28,-2.22,2.99,2.04,0.08,7.85,-0.08861246
200811,-7.86,-3.92,-6.3,4.52,2.75,0.03,7.17,-0.05612372
200812,1.74,3.31,0.07,0.13,-1.51,0,-5.09,-0.08526836
200901,-8.12,-2.08,-11.11,0.11,-1.19,0,-2.18,0.07956306
200902,-10.1,-1.3,-6.91,1.11,-1.05,0.01,4.41,-0.00349384
200903,8.95,0.66,3.34,-2.52,-2.19,0.02,-11.87,-0.04510556
200904,10.18,7.04,5.26,1.28,0.11,0.01,-34.3,-0.04577754
200905,5.21,-2.31,0.37,-0.74,-2.2,0,-12.49,0.01960292
200906,0.43,2.31,-2.72,-1.34,-0.31,0.01,5.48,-0.01331055
200907,7.72,2.4,4.84,-0.36,3.15,0.01,-5.58,-0.01618796
200908,3.33,-0.08,7.63,-2.92,3.3,0.01,-9.07,-0.0548598
200909,4.08,2.72,1.04,1.25,0.35,0.01,-4.79,0.06468133
200910,-2.59,-4.92,-4.2,4.17,-1.46,0,2.61,0.07777541
200911,5.56,-2.68,-0.33,0.98,0.11,0,0.3,-0.00261975
200912,2.75,6.24,-0.17,1.05,-0.1,0.01,3.02,0.02296615
201001,-3.36,0.35,0.43,-1.23,0.44,0,-5.4,-0.01105698
201002,3.4,1.51,3.22,-0.28,1.4,0,3.74,-0.00755895
201003,6.31,1.85,2.21,-0.63,1.67,0.01,3.76,-0.06257515
201004,2,4.98,2.89,0.7,1.74,0.01,3.16,0.01020015
201005,-7.89,0.04,-2.44,1.27,-0.23,0.01,-0.25,-0.02806075
201006,-5.57,-2.47,-4.7,-0.18,-1.55,0.01,-2.76,0.00383754
201007,6.93,0.16,-0.3,0.26,1.99,0.01,1.83,0.02483923
201008,-4.77,-3.11,-1.96,0.58,-1.66,0.01,-0.06,0.02131701
201009,9.54,3.76,-3.17,-0.19,0.37,0.01,1.41,0.03255056
201010,3.88,0.86,-2.49,1.27,-0.31,0.01,1.58,0.02321111
201011,0.6,3.66,-0.88,0.4,1.51,0.01,2.66,0.02746053
201012,6.82,0.98,3.78,-3.53,3.16,0.01,-3.03,0.03149786
201101,1.99,-2.37,0.77,-0.65,0.83,0.01,-0.29,0.01095875
201102,3.49,1.61,1.24,-1.93,0.87,0.01,1.99,-0.00994366
201103,0.46,2.64,-1.88,1.79,0,0.01,3.4,0.0023169
201104,2.9,-0.5,-2.48,1.08,-0.85,0,0.04,-0.05799259
201105,-1.27,-0.71,-2,1.88,-1.46,0,-0.62,-0.02730839
201106,-1.75,0.13,-0.38,2.44,-1.48,0,1.78,-0.02120148
201107,-2.35,-1.22,-0.91,2.73,-1.78,0,0.16,0.00095464
201108,-5.99,-3.22,-2.4,3.3,-0.31,0.01,-0.28,-0.03777979
201109,-7.59,-3.67,-1.75,2.03,0.21,0,-2.42,-0.06395509
201110,11.35,3.48,0.12,-2.14,-0.87,0,-1.43,0.07642923
201111,-0.28,-0.28,-0.46,1.83,1.51,0,3.85,0.02778666
201112,0.74,-0.33,1.61,1.01,2.49,0,1.81,-0.00935414
201201,5.05,2.07,-0.94,-2.01,-1.46,0,-7.93,-0.02597123
201202,4.42,-1.71,0.43,-0.47,-0.04,0,-0.29,0.02392422
201203,3.11,-0.49,1.12,-0.55,0.69,0,1.3,-0.06113644
201204,-0.85,-0.54,-0.77,1.31,0.69,0,3.75,0.00326061
201205,-6.19,-0.1,-1.06,2.1,2.34,0.01,6.49,-0.00472821
201206,3.89,0.81,0.59,-1.07,0.44,0,-1.06,0.01324631
201207,0.79,-2.76,-0.12,1.13,0.03,0,3.02,-0.00582316
201208,2.55,0.45,1.3,-1.33,-0.88,0.01,-2.37,-0.00614965
201209,2.73,0.64,1.58,-1.51,1.51,0.01,-1.14,-0.02445392
201210,-1.76,-0.91,3.56,-1.34,2.55,0.01,0.14,0.00352816
201211,0.78,0.44,-0.83,0.65,0.86,0.01,0.49,-0.01710294
201212,1.18,1.92,3.53,-1.86,0.86,0.01,-2.86,0.01827545
201301,5.57,0.46,0.95,-1.93,1.43,0,-1.79,-0.02567376
201302,1.29,-0.29,0.1,-0.66,0.57,0,1.29,-0.00822369
201303,4.03,0.87,-0.23,0.13,1.37,0,1.92,0.00640896
201304,1.55,-2.24,0.5,0.27,0.39,0,0.22,-0.0182782
201305,2.8,2.08,2.67,-1.99,-0.93,0,-2.02,0.00380257
201306,-1.2,1.56,0.05,-0.39,0.01,0,0.52,-0.01314133
201307,5.65,1.81,0.57,-1.35,0.53,0,1.75,0.00307335
201308,-2.71,-0.07,-2.68,0.67,-2.16,0,0.02,0.01378439
201309,3.77,2.65,-1.23,-0.56,-1.4,0,3.07,-0.02251144
201310,4.18,-1.5,1.26,2.76,0.92,0,0.08,-0.02143967
201311,3.13,1.4,0.28,0.16,0.04,0,0.44,-0.02736205
201312,2.81,-0.44,-0.01,-0.46,0.08,0,0.02,-0.00246068
201401,-3.32,0.59,-2.02,-3.88,-1.43,0,1.71,0.0302487
201402,4.65,0.16,-0.31,-0.23,-0.48,0,2.07,-0.0082165
201403,0.43,-1.13,4.92,2.11,1.98,0,-3.29,0.03065507
201404,-0.19,-4.13,1.14,3.45,1.03,0,-3.89,-0.05016133
201405,2.06,-1.89,-0.13,0.05,-1.01,0,0.88,0.002851
201406,2.61,3.1,-0.69,-1.88,-1.99,0,0.69,0.01490484
201407,-2.04,-4.26,-0.02,0.9,0.47,0,-0.16,-0.00350738
201408,4.24,0.3,-0.43,-0.64,-0.68,0,0.82,0.00314883
201409,-1.97,-3.72,-1.36,1.3,-0.5,0,0.5,0.02115319
201410,2.52,3.77,-1.85,-0.5,-0.14,0,-0.06,0.04231954
201411,2.55,-2.24,-3.12,1.53,0.23,0,0.69,0.00236985
201412,-0.06,2.86,2.29,-1.22,0.98,0,1.12,0.02576999
201501,-3.11,-0.9,-3.61,1.62,-1.68,0,3.84,-0.01673274
201502,6.13,0.3,-1.85,-1.12,-1.78,0,-2.82,-0.00040375
201503,-1.12,3.1,-0.41,0.16,-0.54,0,2.74,0.0115765
201504,0.59,-3.08,1.83,-0.01,-0.64,0,-7.27,-0.00442564
201505,1.36,0.81,-1.1,-1.78,-0.7,0,5.81,0.04317894
201506,-1.53,2.88,-0.76,0.43,-1.54,0,3.01,0.02902583
201507,1.54,-4.59,-4.07,0.34,-2.48,0,10,0.00671139
201508,-6.04,0.27,2.8,0.64,1.26,0,-2.09,-0.00737752
201509,-3.07,-2.79,0.57,1.82,-0.57,0,5.22,0.0083445
201510,7.75,-2.06,-0.46,0.85,0.53,0,-3.28,-0.06896217
201511,0.56,3.3,-0.38,-2.73,-1.02,0,2.28,0.03911356
201512,-2.17,-2.97,-2.59,0.46,0.02,0.01,3.35,-0.00112737
201601,-5.77,-3.42,2.06,2.84,3.09,0.01,1.44,-0.03221813
201602,-0.07,0.93,-0.57,3.3,1.96,0.02,-4.38,-0.03051365
201603,6.96,1.01,1.1,0.74,-0.02,0.02,-5.01,-0.01691726
201604,0.91,1.15,3.21,-2.92,1.9,0.01,-6.02,-0.00757449
201605,1.78,-0.64,-1.66,-1.1,-2.48,0.01,1.42,0.01802774
201606,-0.05,0.44,-1.45,1.48,1.94,0.02,4.13,-0.01520333
201607,3.95,2.48,-1.31,1.24,-1.19,0.02,-3.34,0.0287515
201608,0.49,1.69,3.16,-1.89,-0.34,0.02,-3.49,-0.00656478
201609,0.25,1.86,-1.22,-2.23,0.02,0.02,0.19,0.01795254
201610,-2.02,-4.04,4.12,0.95,0.24,0.02,0.6,0.01078285
201611,4.86,7.04,8.2,-0.17,3.71,0.01,-4.62,-0.00160345
201612,1.81,0.41,3.56,1.24,-0.26,0.03,-0.26,-0.01654246
201701,1.94,-1.43,-2.73,-0.5,-0.98,0.04,-0.93,0.01933228
201702,3.57,-2.23,-1.66,0.44,-1.83,0.04,-1.65,-0.02753203
201703,0.17,0.74,-3.37,0.63,-0.94,0.03,-1.02,-0.03521569
201704,1.09,0.47,-2.15,1.91,-1.61,0.05,0.48,-0.02365847
201705,1.06,-3.04,-3.76,0.95,-1.79,0.06,1.48,-0.0371082
201706,0.78,2.57,1.48,-2.26,0,0.06,-0.09,0.03106255
201707,1.87,-1.62,-0.22,-0.59,-0.16,0.07,1.62,0.03180687
201708,0.16,-1.82,-2.07,0.12,-2.36,0.09,3.26,-0.02556486
201709,2.51,4.74,3.09,-1.5,1.63,0.09,-1.32,-0.01450804
201710,2.25,-1.95,0.23,0.84,-3.22,0.09,4.27,-0.04841161
201711,3.12,-0.35,-0.05,3.16,-0.09,0.08,-0.87,-0.01537656
201712,1.06,-1.07,0.03,0.76,1.66,0.09,-1.54,0.04981454
201801,5.58,-3.25,-1.36,-0.72,-1.05,0.11,4.05,0.01107079
201802,-3.65,0.33,-1.03,0.56,-2.4,0.11,3.58,0.05054294
201803,-2.35,3.59,-0.23,-0.49,0.02,0.12,-1.13,0.00339819
201804,0.29,0.9,0.48,-2.41,1.28,0.14,0.36,0.0124229
201805,2.65,4.78,-3.13,-2.04,-1.43,0.14,3.89,0.07039842
201806,0.48,0.8,-2.33,0.82,0.23,0.14,-2.35,-0.02196987
201807,3.19,-1.94,0.45,1.52,0.37,0.16,-1.41,-0.00580345
201808,3.44,0.63,-3.98,-0.3,-2.66,0.16,5.29,-0.01683727
201809,0.06,-2.49,-1.7,0.67,1.3,0.15,0.04,0.005194
201810,-7.68,-4.46,3.43,0.98,3.6,0.19,-2,-0.07000461
201811,1.69,-0.77,0.26,-0.65,0.36,0.18,-1.37,0.02542913
201812,-9.55,-2.9,-1.9,-0.04,0.22,0.19,2.11,-0.00218687
201901,8.41,3.01,-0.44,-0.77,-1.51,0.21,-8.68,0.03099923
201902,3.4,1.72,-2.68,0.21,-1.62,0.18,0.86,-0.00710294
201903,1.1,-3.47,-4.05,0.81,-0.97,0.19,2.21,0.01089794
201904,3.97,-1.14,2.17,1.64,-2.2,0.21,-2.97,-0.00625932
201905,-6.94,-1.58,-2.37,-0.51,1.75,0.21,7.56,-0.00572729
201906,6.93,0.36,-0.71,0.86,-0.43,0.18,-2.3,-0.02669649
201907,1.19,-1.87,0.57,-0.04,0.32,0.19,2.75,0.00527544
201908,-2.58,-3.22,-4.89,0.55,-0.71,0.16,6.92,-0.00143081
201909,1.43,0.3,6.88,1.82,3.38,0.18,-6.81,-0.04937003
201910,2.07,0.22,-1.91,0.48,-1.02,0.15,0.15,0.00539638
201911,3.87,0.49,-2.09,-1.64,-1.2,0.12,-2.66,0.02153492
201912,2.77,0.95,1.8,-0.01,1.24,0.14,-1.77,-0.00319237
202001,-0.1,-4.4,-6.17,-1.16,-2.34,0.13,5.98,0.01860375
202002,-8.13,-0.01,-3.75,-1.45,-2.52,0.12,-0.4,0.04246851
202003,-13.38,-8.36,-13.92,-1.49,1.21,0.12,7.97,-0.10358823
202004,13.65,2.66,-1.3,2.64,-0.94,0,-5.23,0.11756267
202005,5.58,2.02,-4.92,0.92,-3.21,0.01,0.42,0.07106842
202006,2.46,1.94,-2.12,0.11,0.51,0.01,-0.73,0.06245735
202007,5.77,-3.17,-1.53,0.36,0.9,0.01,7.64,0.00165371
202008,7.63,-0.92,-2.95,4.36,-1.35,0.01,0.55,0.04386601
202009,-3.63,0.01,-2.58,-1.38,-1.8,0.01,3.14,-0.00482602
202010,-2.1,4.66,4.14,-0.93,-0.77,0.01,-3.04,0.04065628
202011,12.47,6.99,2.1,-2.11,1.36,0.01,-12.43,0.02308695
202012,4.63,4.73,-1.41,-1.97,-0.07,0.01,-2.32,0.05024218
202101,-0.03,6.77,3,-3.62,4.78,0,4.5,-0.05006758
202102,2.78,4.53,7.2,0.45,-1.87,0,-7.89,0.025872
202103,3.08,-0.93,7.41,6.35,3.47,0,-6.14,-0.07288459
202104,4.93,-3.1,-0.95,2.3,-2.81,0,1.1,0.00307218
202105,0.29,1.19,7.04,2.34,3.09,0,0.88,-0.03238293
202106,2.75,-0.28,-7.82,-2.14,-1.04,0,2.19,0.03755555
202107,1.27,-4.55,-1.74,5.37,-0.54,0,-2.28,-0.0002374
202108,2.91,-0.78,-0.15,-0.26,-1.66,0,2.52,0.00373615
202109,-4.37,1.21,5.06,-1.94,2.02,0,1.5,-0.01289893
202110,6.65,-2.71,-0.48,1.74,-1.51,0,3.19,0.01567898
202111,-1.55,-1.73,-0.42,7.38,1.63,0,0.89,-0.02639541
202112,3.1,-0.69,3.22,4.75,4.36,0.01,-2.6,-0.02345233
202201,-6.25,-3.95,12.74,0.73,7.73,0,-2.5,
202202,-2.29,2.9,3.09,-2.12,2.99,0,1.75,
202203,3.06,-2.14,-1.82,-1.32,3.24,0,2.98,
202204,-9.45,-0.38,6.16,3.51,5.87,0,4.88,
202205,-0.34,0.02,8.38,1.61,3.82,0.03,2.47,
